time_utc_iso,twl_ft_mllw,tide_ft_mllw,surge_ft,src_time
2026-03-12T12:00:00.000Z,1.8,1.631,0.3,202603121200
2026-03-12T13:00:00.000Z,1.42,1.25,0.3,202603121300
2026-03-12T14:00:00.000Z,1.18,0.984,0.3,202603121400
2026-03-12T15:00:00.000Z,1.22,0.901,0.3,202603121500
2026-03-12T16:00:00.000Z,1.318,1.07,0.2,202603121600
2026-03-12T17:00:00.000Z,1.918,1.465,0.2,202603121700
2026-03-12T18:00:00.000Z,2.177,1.851,0.3,202603121800
2026-03-12T19:00:00.000Z,2.63,2.074,0.3,202603121900
2026-03-12T20:00:00.000Z,2.63,2.146,0.2,202603122000
2026-03-12T21:00:00.000Z,2.338,2.085,0.2,202603122100
2026-03-12T22:00:00.000Z,2.079,1.9,0.3,202603122200
2026-03-12T23:00:00.000Z,1.639,1.624,0.3,202603122300
2026-03-13T00:00:00.000Z,1.459,1.314,0.3,202603130000
2026-03-13T01:00:00.000Z,0.961,1.043,0.3,202603130100
2026-03-13T02:00:00.000Z,0.99,0.877,0.2,202603130200
2026-03-13T03:00:00.000Z,1.059,0.89,0.2,202603130300
2026-03-13T04:00:00.000Z,1.58,1.172,0.2,202603130400
2026-03-13T05:00:00.000Z,2.25,1.729,0.2,202603130500
2026-03-13T06:00:00.000Z,2.748,2.338,0.2,202603130600
2026-03-13T07:00:00.000Z,2.938,2.769,0.2,202603130700
2026-03-13T08:00:00.000Z,3.007,2.99,0.2,202603130800
2026-03-13T09:00:00.000Z,2.968,3.016,0.2,202603130900
2026-03-13T10:00:00.000Z,2.279,2.848,0.2,202603131000
2026-03-13T11:00:00.000Z,1.889,2.513,0.2,202603131100
2026-03-13T12:00:00.000Z,1.338,2.08,0.1,202603131200
2026-03-13T13:00:00.000Z,0.81,1.625,0.1,202603131300
2026-03-13T14:00:00.000Z,0.308,1.212,0.1,202603131400
2026-03-13T15:00:00.000Z,0.088,0.903,0.1,202603131500
2026-03-13T16:00:00.000Z,0.078,0.788,0.1,202603131600
2026-03-13T17:00:00.000Z,0.541,0.971,0.1,202603131700
2026-03-13T18:00:00.000Z,1.249,1.409,0,202603131800
2026-03-13T19:00:00.000Z,1.699,1.841,0,202603131900
2026-03-13T20:00:00.000Z,2.01,2.127,0,202603132000
2026-03-13T21:00:00.000Z,2.23,2.252,0,202603132100
2026-03-13T22:00:00.000Z,2.348,2.202,0,202603132200
2026-03-13T23:00:00.000Z,1.849,1.991,0,202603132300
2026-03-14T00:00:00.000Z,1.449,1.677,0,202603140000
2026-03-14T01:00:00.000Z,1.118,1.33,0,202603140100
2026-03-14T02:00:00.000Z,0.698,1.016,0,202603140200
2026-03-14T03:00:00.000Z,0.688,0.798,0,202603140300
2026-03-14T04:00:00.000Z,1.079,0.771,0,202603140400
2026-03-14T05:00:00.000Z,1.679,1.072,-0.1,202603140500
2026-03-14T06:00:00.000Z,2.44,1.691,0.1,202603140600
2026-03-14T07:00:00.000Z,3.099,2.36,0.1,202603140700
2026-03-14T08:00:00.000Z,3.568,2.856,0,202603140800
2026-03-14T09:00:00.000Z,3.739,3.134,0,202603140900
2026-03-14T10:00:00.000Z,3.499,3.167,0,202603141000
2026-03-14T11:00:00.000Z,3.017,2.955,0,202603141100
2026-03-14T12:00:00.000Z,2.558,2.558,0.1,202603141200
2026-03-14T13:00:00.000Z,1.928,2.058,0.1,202603141300
2026-03-14T14:00:00.000Z,1.18,1.531,0.1,202603141400
2026-03-14T15:00:00.000Z,0.531,1.042,0.1,202603141500
2026-03-14T16:00:00.000Z,0.229,0.68,0,202603141600
2026-03-14T17:00:00.000Z,0.259,0.584,0,202603141700
2026-03-14T18:00:00.000Z,0.541,0.862,0,202603141800
2026-03-14T19:00:00.000Z,1.049,1.409,0,202603141900
2026-03-14T20:00:00.000Z,1.557,1.948,0,202603142000
2026-03-14T21:00:00.000Z,1.849,2.325,0,202603142100
2026-03-14T22:00:00.000Z,1.967,2.477,0,202603142200
2026-03-14T23:00:00.000Z,1.849,2.39,0,202603142300
2026-03-15T00:00:00.000Z,1.41,2.112,0,202603150000
2026-03-15T01:00:00.000Z,0.97,1.72,0,202603150100
2026-03-15T02:00:00.000Z,0.288,1.286,0,202603150200
2026-03-15T03:00:00.000Z,-0.039,0.878,0,202603150300
2026-03-15T04:00:00.000Z,0,0.588,0,202603150400
2026-03-15T05:00:00.000Z,0.429,0.562,0,202603150500
2026-03-15T06:00:00.000Z,1.118,0.95,-0.1,202603150600
2026-03-15T07:00:00.000Z,1.758,1.684,-0.1,202603150700
2026-03-15T08:00:00.000Z,2.66,2.463,-0.1,202603150800
2026-03-15T09:00:00.000Z,3.289,3.05,-0.1,202603150900
2026-03-15T10:00:00.000Z,3.617,3.349,-0.1,202603151000
2026-03-15T11:00:00.000Z,3.509,3.334,-0.1,202603151100
2026-03-15T12:00:00.000Z,2.948,3.043,-0.1,202603151200
2026-03-15T13:00:00.000Z,2.45,2.553,-0.1,202603151300
2026-03-15T14:00:00.000Z,1.679,1.949,0,202603151400
2026-03-15T15:00:00.000Z,0.941,1.311,0,202603151500
2026-03-15T16:00:00.000Z,0.419,0.737,0,202603151600
2026-03-15T17:00:00.000Z,0.18,0.366,0,202603151700
2026-03-15T18:00:00.000Z,0.61,0.366,0,202603151800
2026-03-15T19:00:00.000Z,1.298,0.816,0,202603151900
2026-03-15T20:00:00.000Z,1.981,1.543,0.1,202603152000
2026-03-15T21:00:00.000Z,2.597,2.221,0.1,202603152100
2026-03-15T22:00:00.000Z,3.089,2.646,0.1,202603152200
2026-03-15T23:00:00.000Z,3.309,2.761,0.2,202603152300
2026-03-16T00:00:00.000Z,3.138,2.596,0.3,202603160000
2026-03-16T01:00:00.000Z,2.528,2.219,0.4,202603160100
2026-03-16T02:00:00.000Z,1.918,1.707,0.4,202603160200
2026-03-16T03:00:00.000Z,1.538,1.142,0.4,202603160300
2026-03-16T04:00:00.000Z,1.161,0.623,0.5,202603160400
2026-03-16T05:00:00.000Z,1.069,0.289,0.5,202603160500
2026-03-16T06:00:00.000Z,1.528,0.325,0.6,202603160600
2026-03-16T07:00:00.000Z,2.328,0.859,0.6,202603160700
2026-03-16T08:00:00.000Z,3.099,1.766,0.6,202603160800
2026-03-16T09:00:00.000Z,3.827,2.682,0.6,202603160900
2026-03-16T10:00:00.000Z,4.319,3.311,0.7,202603161000
2026-03-16T11:00:00.000Z,4.48,3.564,0.7,202603161100
2026-03-16T12:00:00.000Z,4.378,3.463,0.6,202603161200
2026-03-16T13:00:00.000Z,3.827,3.066,0.6,202603161300
2026-03-16T14:00:00.000Z,3.079,2.452,0.6,202603161400
2026-03-16T15:00:00.000Z,2.279,1.713,0.6,202603161500
2026-03-16T16:00:00.000Z,1.538,0.963,0.6,202603161600
2026-03-16T17:00:00.000Z,1.039,0.347,0.6,202603161700
2026-03-16T18:00:00.000Z,0.97,0.04,0.6,202603161800
2026-03-16T19:00:00.000Z,1.479,0.217,0.6,202603161900
2026-03-16T20:00:00.000Z,2.191,0.921,0.6,202603162000
2026-03-16T21:00:00.000Z,3.06,1.868,0.6,202603162100
2026-03-16T22:00:00.000Z,3.808,2.63,0.5,202603162200
2026-03-16T23:00:00.000Z,4.119,3.022,0.5,202603162300
2026-03-17T00:00:00.000Z,4.237,3.055,0.6,202603170000
2026-03-17T01:00:00.000Z,3.427,2.78,0.5,202603170100
2026-03-17T02:00:00.000Z,2.909,2.266,0.5,202603170200
2026-03-17T03:00:00.000Z,2.259,1.599,0.5,202603170300
2026-03-17T04:00:00.000Z,1.899,0.893,0.4,202603170400
2026-03-17T05:00:00.000Z,0.918,0.29,0.2,202603170500
2026-03-17T06:00:00.000Z,0.009,-0.032,0.1,202603170600
2026-03-17T07:00:00.000Z,0.019,0.121,0,202603170700
2026-03-17T08:00:00.000Z,0.908,0.862,-0.1,202603170800
2026-03-17T09:00:00.000Z,1.899,1.977,-0.1,202603170900
2026-03-17T10:00:00.000Z,2.479,2.974,-0.1,202603171000
2026-03-17T11:00:00.000Z,3.138,3.562,-0.1,202603171100
2026-03-17T12:00:00.000Z,3.138,3.725,0,202603171200
2026-03-17T13:00:00.000Z,3.06,3.513,-0.1,202603171300
2026-03-17T14:00:00.000Z,2.469,2.983,-0.2,202603171400
2026-03-17T15:00:00.000Z,1.469,2.224,-0.2,202603171500
2026-03-17T16:00:00.000Z,0.259,1.359,-0.2,202603171600
2026-03-17T17:00:00.000Z,-0.57,0.542,-0.2,202603171700
2026-03-17T18:00:00.000Z,-0.879,-0.051,-0.1,202603171800
2026-03-17T19:00:00.000Z,-0.989,-0.218,-0.1,202603171900
2026-03-17T20:00:00.000Z,-0.589,0.225,-0.2,202603172000
2026-03-17T21:00:00.000Z,0.482,1.239,-0.2,202603172100
2026-03-17T22:00:00.000Z,1.645,2.345,-0.2,202603172200
2026-03-17T23:00:00.000Z,2.345,3.088,-0.3,202603172300
2026-03-18T00:00:00.000Z,2.708,3.395,-0.3,202603180000
2026-03-18T01:00:00.000Z,2.685,3.315,-0.3,202603180100
2026-03-18T02:00:00.000Z,2.324,2.897,-0.3,202603180200
2026-03-18T03:00:00.000Z,1.702,2.218,-0.3,202603180300
2026-03-18T04:00:00.000Z,0.838,1.397,-0.4,202603180400
2026-03-18T05:00:00.000Z,0.079,0.581,-0.4,202603180500
2026-03-18T06:00:00.000Z,-0.501,-0.056,-0.4,202603180600
2026-03-18T07:00:00.000Z,-0.663,-0.318,-0.3,202603180700
2026-03-18T08:00:00.000Z,-0.329,0.016,-0.3,202603180800
2026-03-18T09:00:00.000Z,0.668,1.013,-0.3,202603180900
2026-03-18T10:00:00.000Z,1.933,2.278,-0.3,202603181000
2026-03-18T11:00:00.000Z,2.904,3.249,-0.3,202603181100
2026-03-18T12:00:00.000Z,3.397,3.742,-0.3,202603181200
2026-03-18T13:00:00.000Z,3.449,3.794,-0.3,202603181300
2026-03-18T14:00:00.000Z,3.103,3.448,-0.3,202603181400
2026-03-18T15:00:00.000Z,2.428,2.773,-0.3,202603181500
2026-03-18T16:00:00.000Z,1.642,1.887,-0.2,202603181600
2026-03-18T17:00:00.000Z,0.698,0.943,-0.2,202603181700
2026-03-18T18:00:00.000Z,-0.126,0.119,-0.2,202603181800
2026-03-18T19:00:00.000Z,-0.628,-0.383,-0.2,202603181900
2026-03-18T20:00:00.000Z,-0.573,-0.328,-0.2,202603182000
2026-03-18T21:00:00.000Z,0.311,0.456,-0.1,202603182100
2026-03-18T22:00:00.000Z,1.588,1.733,-0.1,202603182200
2026-03-18T23:00:00.000Z,2.719,2.864,-0.1,202603182300
2026-03-19T00:00:00.000Z,3.377,3.522,-0.1,202603190000
2026-03-19T01:00:00.000Z,3.57,3.715,-0.1,202603190100
2026-03-19T02:00:00.000Z,3.447,3.492,0,202603190200
2026-03-19T03:00:00.000Z,2.868,2.913,0,202603190300
2026-03-19T04:00:00.000Z,2.038,2.083,0,202603190400
2026-03-19T05:00:00.000Z,1.1,1.145,0,202603190500
2026-03-19T06:00:00.000Z,0.223,0.268,0,202603190600
2026-03-19T07:00:00.000Z,-0.403,-0.358,0,202603190700
2026-03-19T08:00:00.000Z,-0.546,-0.501,0,202603190800
2026-03-19T09:00:00.000Z,0.022,0.067,0,202603190900
2026-03-19T10:00:00.000Z,1.336,1.281,0.1,202603191000
2026-03-19T11:00:00.000Z,2.624,2.569,0.1,202603191100
2026-03-19T12:00:00.000Z,3.497,3.442,0.1,202603191200
2026-03-19T13:00:00.000Z,3.873,3.818,0.1,202603191300
2026-03-19T14:00:00.000Z,3.892,3.737,0.2,202603191400
2026-03-19T15:00:00.000Z,3.408,3.253,0.2,202603191500
2026-03-19T16:00:00.000Z,2.616,2.461,0.2,202603191600
2026-03-19T17:00:00.000Z,1.655,1.5,0.2,202603191700
2026-03-19T18:00:00.000Z,0.692,0.537,0.2,202603191800
2026-03-19T19:00:00.000Z,0.021,-0.234,0.3,202603191900
2026-03-19T20:00:00.000Z,-0.319,-0.574,0.3,202603192000
2026-03-19T21:00:00.000Z,0.033,-0.222,0.3,202603192100
2026-03-19T22:00:00.000Z,1.138,0.883,0.3,202603192200
2026-03-19T23:00:00.000Z,2.53,2.275,0.3,202603192300
2026-03-20T00:00:00.000Z,3.592,3.337,0.3,202603200000
2026-03-20T01:00:00.000Z,4.133,3.878,0.3,202603200100
2026-03-20T02:00:00.000Z,4.187,3.932,0.3,202603200200
2026-03-20T03:00:00.000Z,3.812,3.557,0.3,202603200300
2026-03-20T04:00:00.000Z,3.196,2.841,0.4,202603200400
2026-03-20T05:00:00.000Z,2.261,1.906,0.4,202603200500
2026-03-20T06:00:00.000Z,1.258,0.903,0.4,202603200600
2026-03-20T07:00:00.000Z,0.367,0.012,0.4,202603200700
2026-03-20T08:00:00.000Z,-0.192,-0.547,0.4,202603200800
2026-03-20T09:00:00.000Z,-0.166,-0.521,0.4,202603200900
2026-03-20T10:00:00.000Z,0.618,0.263,0.4,202603201000
2026-03-20T11:00:00.000Z,1.923,1.568,0.4,202603201100
2026-03-20T12:00:00.000Z,3.135,2.78,0.4,202603201200
2026-03-20T13:00:00.000Z,3.879,3.524,0.4,202603201300
2026-03-20T14:00:00.000Z,4.118,3.763,0.4,202603201400
2026-03-20T15:00:00.000Z,3.903,3.548,0.4,202603201500
2026-03-20T16:00:00.000Z,3.316,2.961,0.4,202603201600
2026-03-20T17:00:00.000Z,2.463,2.108,0.4,202603201700
2026-03-20T18:00:00.000Z,1.485,1.13,0.4,202603201800
2026-03-20T19:00:00.000Z,0.556,0.201,0.4,202603201900
2026-03-20T20:00:00.000Z,-0.099,-0.454,0.4,202603202000
2026-03-20T21:00:00.000Z,-0.214,-0.569,0.4,202603202100
2026-03-20T22:00:00.000Z,0.532,0.077,0.5,202603202200
2026-03-20T23:00:00.000Z,1.833,1.378,0.5,202603202300
2026-03-21T00:00:00.000Z,3.213,2.758,0.5,202603210000
2026-03-21T01:00:00.000Z,4.161,3.706,0.5,202603210100
2026-03-21T02:00:00.000Z,4.56,4.105,0.5,202603210200
2026-03-21T03:00:00.000Z,4.47,4.015,0.5,202603210300
2026-03-21T04:00:00.000Z,3.978,3.523,0.5,202603210400
2026-03-21T05:00:00.000Z,3.178,2.723,0.5,202603210500
2026-03-21T06:00:00.000Z,2.193,1.738,0.5,202603210600
2026-03-21T07:00:00.000Z,1.176,0.721,0.5,202603210700
2026-03-21T08:00:00.000Z,0.329,-0.126,0.5,202603210800
2026-03-21T09:00:00.000Z,-0.116,-0.571,0.5,202603210900
2026-03-21T10:00:00.000Z,-0.028,-0.383,0.4,202603211000
2026-03-21T11:00:00.000Z,0.87,0.515,0.4,202603211100
2026-03-21T12:00:00.000Z,2.152,1.797,0.4,202603211200
2026-03-21T13:00:00.000Z,3.24,2.885,0.4,202603211300
2026-03-21T14:00:00.000Z,3.832,3.477,0.4,202603211400
2026-03-21T15:00:00.000Z,3.933,3.578,0.4,202603211500
2026-03-21T16:00:00.000Z,3.625,3.27,0.4,202603211600
2026-03-21T17:00:00.000Z,2.991,2.636,0.4,202603211700
2026-03-21T18:00:00.000Z,2.132,1.777,0.4,202603211800
